id,name,email,age,city,created_at
2471,Ian Gardner Jr.,richardmccormick@example.com,36,Lake Amandastad,17-02-2025
1671,Beth Taylor,darryl02@example.org,42,Port Davidton,03-04-2025
8950,Tracy Gonzales,nicholashenderson@example.org,37,Lake Davidfurt,31-03-2025
5048,Danielle Tucker,kimberlydelgado@example.net,22,Starkview,06-01-2025
6073,Lisa Campbell,stoutdaniel@example.org,21,West Candace,20-01-2025
715,James Davis,ismith@example.org,41,Payneview,29-03-2025
7802,Adam Copeland,brownemily@example.net,60,Port Kellyhaven,03-02-2025
5342,Terry Allen,edwardjackson@example.net,30,Lake Laurie,06-04-2025
8841,Brian Wilkinson,torresjennifer@example.com,38,West Dennis,02-02-2025
7688,Jonathan Lyons,livingstonaaron@example.net,40,South Jamie,04-01-2025
6394,Jonathan Medina,jonesjames@example.net,60,Torresburgh,03-01-2025
8210,Lisa Mills,zsandoval@example.org,53,South Jennifer,11-03-2025
822,Joshua Carrillo,robert96@example.org,39,Barbaraview,06-04-2025
6946,Pamela Davis,michaelorr@example.net,42,Johnsonshire,01-01-2025
5773,Michelle Wolf,hwright@example.org,54,Port Wanda,10-01-2025
7538,Lisa Lee,kenneth47@example.net,33,Klinestad,07-01-2025
6198,Debra Aguilar,sara61@example.org,22,Denisemouth,01-04-2025
3363,Colleen Brown,vvillegas@example.com,33,Michealshire,11-02-2025
3277,Molly Pham,joneswilliam@example.org,46,Jonesfurt,18-02-2025
7087,Mary Nelson,jeremiah77@example.net,46,Jennifertown,08-04-2025
